<?xml version="1.0" encoding="UTF-8"?>
<G_Picture G_PictureVer="2.0">
	<G_bmplib SaveAsJpg="0" CurBmpTotal="28" AllBmpTotal="28" G_bmplib.blb_CT="20200914  00:59:04" G_bmplib.blb_MT="20200104  09:40:48">
		<G_bmp szFilename="Metal" nId="1" nTotalStatus="1" nWidth="640" nHeigth="480" nFileSize="921640" bTransparent="0" cTransColor="0" enumPicType="1"/>
		<G_bmp szFilename="7inch-background_30" nId="2" nTotalStatus="1" nWidth="800" nHeigth="480" nFileSize="1152040" bTransparent="0" cTransColor="0" enumPicType="1"/>
		<G_bmp szFilename="7inch-background_31" nId="3" nTotalStatus="1" nWidth="800" nHeigth="480" nFileSize="1152040" bTransparent="0" cTransColor="0" enumPicType="1"/>
		<G_bmp szFilename="7inch-background_32" nId="4" nTotalStatus="1" nWidth="800" nHeigth="480" nFileSize="1152040" bTransparent="0" cTransColor="0" enumPicType="1"/>
		<G_bmp szFilename="7inch-background_33" nId="5" nTotalStatus="1" nWidth="800" nHeigth="480" nFileSize="1152040" bTransparent="0" cTransColor="0" enumPicType="1"/>
		<G_bmp szFilename="7inch-background_50" nId="6" nTotalStatus="1" nWidth="800" nHeigth="480" nFileSize="1152040" bTransparent="0" cTransColor="0" enumPicType="1"/>
		<G_bmp szFilename="7inch-background_71" nId="7" nTotalStatus="1" nWidth="800" nHeigth="480" nFileSize="1152040" bTransparent="0" cTransColor="0" enumPicType="1"/>
		<G_bmp szFilename="7inch-background_52" nId="8" nTotalStatus="1" nWidth="800" nHeigth="480" nFileSize="1152040" bTransparent="0" cTransColor="0" enumPicType="1"/>
		<G_bmp szFilename="7inch-background_53" nId="9" nTotalStatus="1" nWidth="800" nHeigth="480" nFileSize="1152040" bTransparent="0" cTransColor="0" enumPicType="1"/>
		<G_bmp szFilename="7inch-background_54" nId="10" nTotalStatus="1" nWidth="800" nHeigth="480" nFileSize="1152040" bTransparent="0" cTransColor="0" enumPicType="1"/>
		<G_bmp szFilename="7inch-background_55" nId="11" nTotalStatus="1" nWidth="800" nHeigth="480" nFileSize="1152040" bTransparent="0" cTransColor="0" enumPicType="1"/>
		<G_bmp szFilename="7inch-background_56" nId="12" nTotalStatus="1" nWidth="800" nHeigth="480" nFileSize="1152040" bTransparent="0" cTransColor="0" enumPicType="1"/>
		<G_bmp szFilename="7inch-background_57" nId="13" nTotalStatus="1" nWidth="800" nHeigth="480" nFileSize="1152040" bTransparent="0" cTransColor="0" enumPicType="1"/>
		<G_bmp szFilename="10.2inch-backgroun0" nId="14" nTotalStatus="1" nWidth="800" nHeigth="480" nFileSize="1152040" bTransparent="0" cTransColor="0" enumPicType="1"/>
		<G_bmp szFilename="7inch-background_51" nId="15" nTotalStatus="1" nWidth="800" nHeigth="480" nFileSize="1152040" bTransparent="0" cTransColor="0" enumPicType="1"/>
		<G_bmp szFilename="4.3inch-background0" nId="16" nTotalStatus="1" nWidth="480" nHeigth="272" nFileSize="391720" bTransparent="0" cTransColor="0" enumPicType="1"/>
		<G_bmp szFilename="4.3inch-background1" nId="17" nTotalStatus="1" nWidth="480" nHeigth="272" nFileSize="391720" bTransparent="0" cTransColor="0" enumPicType="1"/>
		<G_bmp szFilename="4.3inch-background2" nId="18" nTotalStatus="1" nWidth="480" nHeigth="272" nFileSize="391720" bTransparent="0" cTransColor="0" enumPicType="1"/>
		<G_bmp szFilename="4.3inch-background3" nId="19" nTotalStatus="1" nWidth="480" nHeigth="272" nFileSize="391720" bTransparent="0" cTransColor="0" enumPicType="1"/>
		<G_bmp szFilename="back" nId="20" nTotalStatus="1" nWidth="225" nHeigth="224" nFileSize="52136" bTransparent="0" cTransColor="0" enumPicType="0"/>
		<G_bmp szFilename="back2" nId="21" nTotalStatus="1" nWidth="343" nHeigth="147" nFileSize="51632" enumPicType="0" bTransparent="1" cTransColor="0"/>
		<G_bmp szFilename="10.2inch-backgroun4" nId="22" nTotalStatus="1" nWidth="800" nHeigth="480" nFileSize="1152040" bTransparent="0" cTransColor="0" enumPicType="1"/>
		<G_bmp szFilename="10.2inch-backgroun6" nId="23" nTotalStatus="1" nWidth="800" nHeigth="480" nFileSize="1152040" bTransparent="0" cTransColor="0" enumPicType="1"/>
		<G_bmp szFilename="logo" nId="24" nTotalStatus="1" nWidth="241" nHeigth="95" nFileSize="68820" bTransparent="0" cTransColor="0" enumPicType="0"/>
		<G_bmp szFilename="10.2inch-backgroun8" nId="25" nTotalStatus="1" nWidth="800" nHeigth="480" nFileSize="1152040" bTransparent="0" cTransColor="0" enumPicType="1"/>
		<G_bmp szFilename="arrow-black_19.bmp" nId="26" nTotalStatus="1" nWidth="128" nHeigth="128" nFileSize="49192" bTransparent="0" cTransColor="0" enumPicType="0"/>
		<G_bmp szFilename="arrow-blue_19.bmp" nId="27" nTotalStatus="1" nWidth="128" nHeigth="128" nFileSize="49192" enumPicType="0" bTransparent="1" cTransColor="0"/>
		<G_bmp szFilename="10.4inch-backgroun0" nId="28" nTotalStatus="1" nWidth="640" nHeigth="480" nFileSize="921640" bTransparent="0" cTransColor="0" enumPicType="1"/></G_bmplib>
</G_Picture>
